{"cameraMode":{"drawMode":0,"name":"Shaded","section":"Shading Mode"},"sceneLighting":true,"audioPlay":false,"sceneViewState":{"m_AlwaysRefresh":false,"showFog":true,"showSkybox":true,"showFlares":true,"showImageEffects":true,"showParticleSystems":true,"showVisualEffectGraphs":true,"m_FxEnabled":true},"in2DMode":false,"pivot":{"x":3.830711603164673,"y":33.75611114501953,"z":17.58144760131836},"rotation":{"x":-0.0012089777737855912,"y":0.8956205248832703,"z":-0.44464024901390078,"w":-0.0024136800784617664},"size":1.2124356031417847,"orthographic":false}